dataset,model,layer,method,seed,n_obs,soft_ce,jsd,tvd,entce,rankcs,acc,mean_alea,mean_mi,corrAlea_entropy,corrMI_entropy,corrAlea_norm_entropy,corrMI_norm_entropy,corrAlea_one_minus_max,corrMI_one_minus_max,corrAlea_gini,corrMI_gini,corrAlea_top2_margin,corrMI_top2_margin,corrAleaS_entropy,corrMIS_entropy,mono_alea
chaosnli_snli,gemma,0,GPP-cosine,0,64,1.4961710746905468,0.3240422845202038,0.5231318068925987,0.37852023741635615,0.3252747252747253,0.3252747252747253,0.6608579754829407,0.2488406002521515,0.06540380015137251,0.059525290745378504,0.06540380015137251,0.0595252907453785,0.049418861872091664,0.029958781091019057,0.0697986503739589,0.05944338439530203,0.05545580024528175,0.037256705607580536,0.053431913778695085,0.03618002139623773,0.39999999999999997
chaosnli_snli,gemma,0,GPP-rbf,0,64,1.0984749048880957,0.22302804897491005,0.4438203179574275,0.5461894187085953,0.3802197802197802,0.3802197802197802,0.7107087969779968,0.3851277530193329,0.00788595662873394,-0.014145530157497734,0.00788595662873394,-0.014145530157497713,0.016587246665401286,-0.048068670031624766,0.006668038207082588,-0.02515023473189497,0.015527989225416691,-0.048308039000832456,0.01337492235286043,-0.026792650368508208,0.7999999999999999
chaosnli_snli,gemma,0,GPP-laplace,0,64,1.090287604392026,0.2195487996945427,0.44009508441437734,0.5480885481458553,0.5208791208791209,0.5208791208791209,0.7105543613433838,0.3872751295566559,0.005626323699963506,-0.009079556498223347,0.00562632369996352,-0.009079556498223354,0.025119638540639772,-0.029015516095133687,0.012997595552472985,-0.016814598746258836,0.029705290320736922,-0.03289016191717574,0.01684275432876222,-0.015508517107417298,0.6000000000000001
chaosnli_snli,gemma,0,LPE,0,64,1.7329453483443935,0.3055373818006289,0.4742123155638722,0.4070808645082412,0.5032967032967033,0.5032967032967033,0.44346514344215393,0.3170624077320099,-0.0204422565382133,-0.01103995700764683,-0.020442256538213292,-0.011039957007646825,-0.044341713018921036,-0.04653605400765308,-0.038153268154416,-0.032101684086603036,-0.051973102574307116,-0.05187137876588687,-0.021387479958061187,-0.004880801041302012,0.0
chaosnli_snli,gemma,0,LP-temp,0,64,5.54808566173899,0.4383294805828426,0.5573544332139144,0.4075286425830578,0.46813186813186813,0.46813186813186813,0.22007097359493805,,-0.008780204364337529,,-0.008780204364337522,,-0.031224454545739706,,-0.015783120131411973,,-0.028359195303255397,,-0.009112064369147795,,-0.39999999999999997
chaosnli_snli,gemma,0,GPP-cosine,0,256,1.3632671233656481,0.2914298653721112,0.4955744871235156,0.4157871826595309,0.3626373626373626,0.3626373626373626,0.812480628490448,0.1363532990217209,0.0327247559649855,0.046260958015348616,0.0327247559649855,0.04626095801534861,0.01645627856759303,0.01058881084145898,0.03492647724283458,0.041967674784154,0.02479657074926108,0.01806841269454134,0.038548919898319094,0.040599960874643216,-0.39999999999999997
chaosnli_snli,gemma,0,GPP-rbf,0,256,1.0934215737538049,0.2202145454358662,0.44133615703373164,0.5474857195162172,0.34725274725274724,0.34725274725274724,0.7143388390541077,0.38288795948028564,-0.0063200605602537555,-0.0122253000207969,-0.0063200605602537485,-0.0122253000207969,0.024732289235290396,-0.042095942274383916,0.0017591414096424507,-0.017652294094194575,0.024702188146501443,-0.036972328507604,0.013369571645012013,-0.023697138480392205,0.39999999999999997
chaosnli_snli,gemma,0,GPP-laplace,0,256,1.0851995681530335,0.21677002433401366,0.43775028976110314,0.546468004017005,0.5054945054945055,0.5054945054945055,0.7098871469497681,0.3863043785095215,-0.020170038240132637,-0.01592140091188352,-0.020170038240132627,-0.015921400911883512,-0.002770990157472175,-0.03876708278333278,-0.012951010744307365,-0.023784801434901,0.0045993503186609955,-0.04110220227843622,-0.001269646533746156,-0.023770328519890215,0.0
chaosnli_snli,gemma,0,LPE,0,256,1.134953180247938,0.22506879155191886,0.4383406486853466,0.4583888381460155,0.35824175824175825,0.35824175824175825,0.7405411005020142,0.2592284083366394,-0.04304409782173251,-0.005735992465745229,-0.04304409782173252,-0.0057359924657452155,-0.001664716491871946,-0.016441322188075213,-0.023172533261548358,-0.0010237651872493717,0.010054122599668747,-0.004840013766420109,-0.012235221581147294,-0.008379781780749954,-1.0
chaosnli_snli,gemma,0,LP-temp,0,256,10.915794651611435,0.5106797544494364,0.6305805908267238,0.4992652789718681,0.35384615384615387,0.35384615384615387,0.07522223267376829,,-0.027887175323052495,,-0.02788717532305248,,0.010356514158129226,,-0.016369725542211073,,0.013768575154461365,,-0.03066121214291477,,0.0
chaosnli_snli,gemma,0,GPP-cosine,1,64,1.6355410800546217,0.3439171392933064,0.5347198269667698,0.3678351845803021,0.3362637362637363,0.3362637362637363,0.6537998914718628,0.24446579813957214,-0.02884261044740168,-0.041576528599789976,-0.02884261044740168,-0.04157652859979,-0.0271128991273896,-0.021271617143236998,-0.019269808957028244,-0.027847919263481638,-0.014994169746837017,-0.013090897266057588,-0.007959369021231358,-0.031689694630064345,-0.19999999999999998
chaosnli_snli,gemma,0,GPP-rbf,1,64,1.116210622403643,0.22771712899112312,0.4514720598911191,0.5463389297415968,0.3208791208791209,0.3208791208791209,0.7110548615455627,0.3849963843822479,-0.004406144134868173,-0.019842873776550855,-0.004406144134868187,-0.01984287377655084,0.014889781964919281,-0.04199688958616421,0.003599038477556389,-0.025961740579707328,0.023118179844257826,-0.04099491433412053,0.012742264848687903,-0.027681505741990062,0.6000000000000001
chaosnli_snli,gemma,0,GPP-laplace,1,64,1.085842786191735,0.21698741770925684,0.4375919567359673,0.5460498568630656,0.5362637362637362,0.5362637362637362,0.7092571258544922,0.3865130543708801,-0.01415122407018084,-0.013677193428854734,-0.014151224070180823,-0.013677193428854748,0.0028411903690588707,-0.034369126082507945,-0.006640682311721279,-0.02121582920550526,0.010296668514626402,-0.037679028960770515,0.003285971607958519,-0.021834773654627788,0.0
chaosnli_snli,gemma,0,LPE,1,64,1.6807575241793842,0.35802605197357124,0.5901909883374573,0.3987664904430144,0.06593406593406594,0.06593406593406594,0.5268899202346802,0.39234933257102966,-0.024302529698201264,-0.009064620507509604,-0.024302529698201257,-0.009064620507509587,-0.025129758720585645,-0.02834991723411001,-0.031229825486506546,-0.017014638368674232,-0.03117265801579576,-0.02324077986171773,-0.0030857659559635274,-0.01470005063108245,-0.7999999999999999
chaosnli_snli,gemma,0,LP-temp,1,64,2.8500464407214867,0.49883859638207695,0.687997158721709,0.29551788251807976,0.07692307692307693,0.07692307692307693,0.5821476398351014,,0.026464813343574024,,0.02646481334357402,,0.02619289699540687,,0.026729083081789506,,0.029921030184759334,,0.0432323817382592,,1.0
chaosnli_snli,gemma,0,GPP-cosine,1,256,1.2454858152907722,0.26166676902118763,0.46991722882203346,0.4444602159280236,0.2945054945054945,0.2945054945054945,0.8461512923240662,0.13513216376304626,0.06267737911928335,0.0593611332957625,0.06267737911928335,0.059361133295762494,0.03920893920018702,0.014600911838914652,0.06288745835821094,0.053919266951678146,0.04930772790769866,0.023071653944832286,0.059238132482161664,0.045101626045543006,0.39999999999999997
chaosnli_snli,gemma,0,GPP-rbf,1,256,1.0809878924737262,0.21548588126985388,0.43576771914958956,0.5464301499622358,0.49230769230769234,0.49230769230769234,0.7131685614585876,0.38295993208885193,0.009044771101668445,-0.012149275490617749,0.009044771101668438,-0.012149275490617749,0.028110193289091367,-0.043824146279238446,0.01405617307588887,-0.018561479896204824,0.03036217832611516,-0.03920494199767292,0.018519882744726626,-0.026471225704185353,0.7999999999999999
chaosnli_snli,gemma,0,GPP-laplace,1,256,1.0798201482528607,0.21488539030341566,0.4351946428909407,0.5461448113864515,0.5362637362637362,0.5362637362637362,0.7096450328826904,0.38622093200683594,-0.006235357978088933,-0.006579929357539163,-0.006235357978088954,-0.006579929357539156,0.008423100427068002,-0.031238050716298867,-0.00028865161238378345,-0.015337898224934497,0.014893546026023314,-0.03435884484696976,0.008041922799464099,-0.01688498670142295,0.6000000000000001
chaosnli_snli,gemma,0,LPE,1,256,1.381228458334782,0.24634692825613605,0.44306867555868656,0.33859284238574927,0.37362637362637363,0.37362637362637363,0.6230170130729675,0.18081672489643097,0.0324538681564983,0.035151035668405724,0.03245386815649829,0.03515103566840571,0.00785923318224179,0.004816448854910777,0.027331519522150176,0.03505828515177251,0.013364362272445189,0.015749895151396687,0.03533747713226681,0.014273682478732912,0.39999999999999997
chaosnli_snli,gemma,0,LP-temp,1,256,11.703614760557425,0.45724659970826415,0.583289262064121,0.5170990585970026,0.4,0.4,0.04220416852202181,,0.05577277969361076,,0.05577277969361077,,0.041797536385498796,,0.05425020518759949,,0.040914534756568643,,0.031187757207598872,,0.7999999999999999
chaosnli_snli,gemma,1,GPP-cosine,0,64,1.5478927469239907,0.340472954533448,0.5621055575967817,0.3970335950787729,0.17802197802197803,0.17802197802197803,0.6835812330245972,0.2530330419540405,0.011410828825394187,0.005958011928877023,0.011410828825394185,0.005958011928877023,0.05612658889170663,0.04827514626364702,0.034616480299008115,0.02900960437295537,0.0638205209512434,0.0566787171116372,0.015696237774432648,0.010607969406198504,0.19999999999999998
chaosnli_snli,gemma,1,GPP-rbf,0,64,1.0864857940777135,0.21783237301512354,0.43762252576403565,0.5471682827321341,0.49230769230769234,0.49230769230769234,0.7107212543487549,0.38618800044059753,0.009417766766948749,-0.023706619320601127,0.009417766766948762,-0.02370661932060112,0.024179888470303567,-0.03214944924520401,0.017208801209653013,-0.029389332416158674,0.029106242536257897,-0.03834077388219939,0.01840700828868618,-0.032284132792462464,0.7999999999999999
chaosnli_snli,gemma,1,GPP-laplace,0,64,1.0800815460574062,0.21528135590518283,0.43470077481898634,0.5467120995216861,0.5208791208791209,0.5208791208791209,0.7096071839332581,0.3868459165096283,-0.007824662729625197,-0.017160301829157787,-0.00782466272962519,-0.017160301829157783,0.01294498241334346,-0.031090017032429394,-0.0001524110292252176,-0.024332346319302454,0.01683229085231222,-0.037208190080042385,0.0010405215798085217,-0.025751237004058285,0.39999999999999997
chaosnli_snli,gemma,1,LPE,0,64,1.2674186225342468,0.2379751043271307,0.42117560212858596,0.365805318029257,0.4967032967032967,0.4967032967032967,0.47988036274909973,0.4127058982849121,0.003267757132911303,-0.06464368862951181,0.003267757132911303,-0.06464368862951178,0.007234488763902204,-0.05463336748119025,0.004679392490061593,-0.05963398143781422,0.0032583225457935103,-0.05516724933823018,0.021536853885496202,-0.048960123393282304,0.19999999999999998
chaosnli_snli,gemma,1,LP-temp,0,64,3.248254669460248,0.37437355020433616,0.5025122268048863,0.38737305597995064,0.49230769230769234,0.49230769230769234,0.2851212936309775,,0.002662746330481351,,0.0026627463304813442,,0.0134870446272892,,0.005520157110859215,,0.006656743650444458,,-0.00352700825674918,,0.39999999999999997
chaosnli_snli,gemma,1,GPP-cosine,0,256,1.5369054609943464,0.33735087214634163,0.5581420717740452,0.381811074161426,0.1912087912087912,0.1912087912087912,0.8056319952011108,0.1136261597275734,0.03318612592062767,-0.019607051388487666,0.033186125920627654,-0.019607051388487666,0.06117110534915418,0.03330506879959175,0.05176690722809843,0.003379934276545189,0.06809566848242857,0.03693709751813558,0.04000832546397523,-0.011650147157483918,0.19999999999999998
chaosnli_snli,gemma,1,GPP-rbf,0,256,1.096056333225814,0.22049371770724216,0.4431621246285491,0.5463147280782019,0.41098901098901097,0.41098901098901097,0.7124518156051636,0.38360026478767395,0.014358567694086138,-0.039437769837064554,0.014358567694086138,-0.03943776983706455,0.012477861247910497,-0.04144935762443391,0.01442050301286199,-0.04843048579261074,0.01613825084112285,-0.050566449114079204,0.02116230433610691,-0.046577083734744396,0.6000000000000001
chaosnli_snli,gemma,1,GPP-laplace,0,256,1.0778010154928035,0.21397377995140326,0.4337766066029832,0.5454100233134588,0.5186813186813187,0.5186813186813187,0.7091385722160339,0.38600510358810425,-0.01956293284006648,-0.024281420098376427,-0.019562932840066487,-0.02428142009837645,-0.003095293923593055,-0.03945025117812616,-0.015318450325518655,-0.0336875865524688,-0.000241581757700806,-0.04673955474229077,-0.008613110862282773,-0.03509147084359936,0.0
chaosnli_snli,gemma,1,LPE,0,256,1.4525810839948903,0.28158161078512994,0.4884156505559356,0.35848714089772277,0.3142857142857143,0.3142857142857143,0.632559597492218,0.21510617434978485,-0.008785183816456906,-0.010706610194208356,-0.008785183816456902,-0.010706610194208346,-0.04158946043540031,-0.03595093069458958,-0.023083156583597143,-0.024716409222471883,-0.04102790777219986,-0.03882429213282074,-0.018222408867915738,-0.017302978902629166,0.0
chaosnli_snli,gemma,1,LP-temp,0,256,13.740870797823236,0.5020550004442864,0.6270784595195524,0.5291788358782662,0.34065934065934067,0.34065934065934067,0.03646447747990206,,-0.07020517812630239,,-0.07020517812630238,,-0.07810445436222618,,-0.07240684330609154,,-0.07059907100920546,,-0.03404500698848859,,-1.0
chaosnli_snli,gemma,1,GPP-cosine,1,64,1.4799291295432035,0.3253180875239031,0.5518920957428086,0.3722655079874606,0.1934065934065934,0.1934065934065934,0.67698734998703,0.23011891543865204,0.01851961184663173,-0.01612422386395209,0.01851961184663172,-0.01612422386395211,0.07272523102954248,0.048979671006273644,0.047227528814934104,0.00923042534464185,0.08172239351310642,0.05212583265070696,0.024431905326005383,-0.007100198218142448,0.19999999999999998
chaosnli_snli,gemma,1,GPP-rbf,1,64,1.0730511346034224,0.21334210401111542,0.431745694233821,0.5461927596354444,0.6703296703296703,0.6703296703296703,0.7107841968536377,0.38514968752861023,0.01590201302464559,-0.027849687857769485,0.015902013024645587,-0.0278496878577695,0.034293000780666286,-0.026553671915217063,0.02561520233717194,-0.03219973462730118,0.04007021068448634,-0.03405810973464167,0.02587009915697672,-0.035411366734251236,0.6000000000000001
chaosnli_snli,gemma,1,GPP-laplace,1,64,1.0644719609821245,0.20944700297092073,0.42689538044588904,0.5446368133213267,0.5428571428571428,0.5428571428571428,0.7083653807640076,0.3860124945640564,-0.018694451758766568,-0.02149622191165743,-0.018694451758766543,-0.021496221911657433,0.00878904965752339,-0.03130383924454934,-0.009911976815619464,-0.028280826967585986,0.01223081969119271,-0.03811966819844958,-0.00152753159101865,-0.029548710802764423,-0.19999999999999998
chaosnli_snli,gemma,1,LPE,1,64,1.118809408774523,0.20368802883649875,0.3827882930687578,0.3867496709581326,0.5824175824175825,0.5824175824175825,0.5879024863243103,0.3295232951641083,0.14193296577607611,0.05283715007521628,0.14193296577607611,0.05283715007521629,0.13700500454070702,0.08256905019051657,0.15481440494687104,0.05984876420199195,0.14652877403757103,0.0779480597873645,0.12453919024670808,0.06378489647635527,0.7999999999999999
chaosnli_snli,gemma,1,LP-temp,1,64,2.512124364263411,0.2826552207172676,0.4104635714143004,0.3627284496425659,0.6461538461538462,0.6461538461538462,0.3212747757340889,,0.08987923817393798,,0.08987923817393796,,0.10461893905959768,,0.09637599206568098,,0.10206693676975849,,0.09581767339774798,,1.0
chaosnli_snli,gemma,1,GPP-cosine,1,256,1.5488612146905008,0.3461346938966624,0.575124650698278,0.38778208724009267,0.09010989010989011,0.09010989010989011,0.8095065951347351,0.11576765775680542,0.001715154758611814,0.004421646912410938,0.0017151547586118053,0.004421646912410922,0.046126268532452136,0.04527295777579204,0.024532374443633216,0.02491345353933229,0.05334017968190701,0.0525514497837171,0.006497224402748051,0.015351435612724442,-0.39999999999999997
chaosnli_snli,gemma,1,GPP-rbf,1,256,1.105071132106876,0.22367946026380567,0.4476725168280549,0.5457638690016576,0.14725274725274726,0.14725274725274726,0.7117403745651245,0.3837645947933197,0.008792640384269988,-0.03920188446904694,0.008792640384269995,-0.03920188446904693,0.02673461622719074,-0.03794920049624326,0.017510720891125924,-0.04719236432561468,0.032561358404287866,-0.0468845522382664,0.019147414926478028,-0.04550560593738451,0.6000000000000001
chaosnli_snli,gemma,1,GPP-laplace,1,256,1.0808776579542505,0.2152120047326135,0.4357743745976752,0.5459300673052696,0.4065934065934066,0.4065934065934066,0.709433913230896,0.386237233877182,-0.005180104301275815,-0.01594386766279755,-0.005180104301275794,-0.01594386766279755,0.014938128651253137,-0.030060045807007905,0.001298867731259798,-0.024615582660857976,0.018424243774403833,-0.037160075504936746,0.0073039710087030515,-0.022691587598307274,0.6000000000000001
chaosnli_snli,gemma,1,LPE,1,256,1.4282127584183983,0.29655294867364923,0.5293423081717484,0.32386202728979496,0.22857142857142856,0.22857142857142856,0.590806245803833,0.24312496185302734,-0.02439732274942885,-0.034452958836793945,-0.02439732274942885,-0.034452958836793945,-0.02618032671432672,-0.025099251289440586,-0.03580426048652027,-0.04741803242745508,-0.03614355687335985,-0.03921664832836568,-0.025561414273245344,-0.024106467630796217,-0.19999999999999998
chaosnli_snli,gemma,1,LP-temp,1,256,16.903918652403238,0.5732718987775408,0.6999839868509283,0.5329181527123493,0.21978021978021978,0.21978021978021978,0.025504059407672204,,0.002701145070786258,,0.0027011450707862764,,-0.009001542361062428,,-0.007288846559417022,,-0.016667761586952583,,-0.04057831358651067,,-0.39999999999999997
chaosnli_snli,gemma,2,GPP-cosine,0,64,1.61404697270899,0.3760837536122663,0.6008765094555342,0.40505146493370553,0.03736263736263736,0.03736263736263736,0.6884486079216003,0.2575370967388153,0.009853501075342717,-0.028957617427731504,0.009853501075342696,-0.02895761742773149,-0.006470777188809236,-0.038224718130774736,0.007667081674741791,-0.028572938734756227,-0.004360837323500795,-0.03776582104793881,0.0176475899676285,-0.011640082730816655,0.19999999999999998
chaosnli_snli,gemma,2,GPP-rbf,0,64,1.0765688317702,0.2150870950276804,0.43349625435504285,0.5470816035980886,0.5824175824175825,0.5824175824175825,0.7099388837814331,0.3868837058544159,-0.000471386296071144,-0.01623719122449373,-0.0004713862960711371,-0.01623719122449374,0.01871162905178963,-0.030398796296898324,0.005847144532524676,-0.023556285487341462,0.021902100363708682,-0.03727926411839895,0.0066684472662775765,-0.026983684237867577,0.7999999999999999
chaosnli_snli,gemma,2,GPP-laplace,0,64,1.0882066956681278,0.21871667977692483,0.43913158237279115,0.5481730778914864,0.49230769230769234,0.49230769230769234,0.7103536128997803,0.3875604271888733,0.007610830944561775,-0.007187501550211077,0.007610830944561761,-0.00718750155021107,0.025101266792976796,-0.02514873307184023,0.015240344834067918,-0.014890671459408578,0.03056173458240264,-0.03053986080809762,0.01951396782427923,-0.01686377496673815,0.6000000000000001
chaosnli_snli,gemma,2,LPE,0,64,1.145537153155588,0.20041235182189768,0.3679014971984133,0.2972183356004153,0.6131868131868132,0.6131868131868132,0.434677392244339,0.35622483491897583,0.0010097637591250479,-0.00347844694654071,0.0010097637591250236,-0.0034784469465407447,0.03643339395621697,0.017112283223097678,0.009839800618940025,0.006482842093556616,0.03302396698350026,0.01788478708772087,0.021599469907103288,-0.006270074114802095,0.19999999999999998
chaosnli_snli,gemma,2,LP-temp,0,64,2.8659646878297167,0.3020812615710904,0.42755356743895284,0.3656203668828283,0.6065934065934065,0.6065934065934065,0.27187139813885935,,0.05026876652150217,,0.05026876652150216,,0.05136449102549537,,0.05464029091198542,,0.0510288335427926,,0.05698943380996085,,0.7999999999999999
chaosnli_snli,gemma,2,GPP-cosine,0,256,1.545686440563639,0.3548683150060854,0.5789327389673218,0.4322200532065884,0.06813186813186813,0.06813186813186813,0.8448779582977295,0.13154472410678864,-0.07383736363874638,-0.024866592085126052,-0.07383736363874638,-0.024866592085126062,-0.06683851056694821,-0.04649622022291165,-0.08166667918687144,-0.032529661832456105,-0.07744424353693606,-0.04479734989599339,-0.052687337302026474,-0.01077247216617312,-0.39999999999999997
chaosnli_snli,gemma,2,GPP-rbf,0,256,1.113026752047372,0.22728150895441254,0.45056440027860495,0.5481514582626722,0.13186813186813187,0.13186813186813187,0.7116156220436096,0.3862758278846741,0.02121729251825339,-0.010006773878702864,0.021217292518253383,-0.010006773878702871,0.03810534641901845,-0.024506087906794656,0.029893703984247514,-0.01652718865583558,0.045346217681586067,-0.03010870036426997,0.030792974304392536,-0.013969487913064455,0.6000000000000001
chaosnli_snli,gemma,2,GPP-laplace,0,256,1.104698461665447,0.22413812866581156,0.44672865251918414,0.5481652032072338,0.23956043956043957,0.23956043956043957,0.7105531692504883,0.38735297322273254,0.016598128816897727,-0.004020525150536115,0.01659812881689774,-0.004020525150536101,0.03398152178446185,-0.02227690463959987,0.02481835330417933,-0.011694546816784918,0.04014684647578197,-0.02746537587174163,0.031197684303621673,-0.012205028301145504,0.6000000000000001
chaosnli_snli,gemma,2,LPE,0,256,1.9395125614147908,0.4138456922981021,0.6231880683707749,0.3196333316744624,0.14065934065934066,0.14065934065934066,0.5761620998382568,0.22883208096027374,0.023570616382564705,-0.012512678191023146,0.02357061638256469,-0.01251267819102313,0.06580523453841776,0.03305085061340901,0.04151675812876211,-0.0016235579111224582,0.06928368354677242,0.02988108132213225,0.0557657778841499,0.016520883772118664,0.19999999999999998
chaosnli_snli,gemma,2,LP-temp,0,256,19.598062715764136,0.6638691144729847,0.7883882327113662,0.5197548558216227,0.0989010989010989,0.0989010989010989,0.0405767340046067,,0.07910494794447541,,0.0791049479444754,,0.08485913734941047,,0.08559603874483246,,0.07486112417378274,,0.05721684182864047,,0.7999999999999999
chaosnli_snli,gemma,2,GPP-cosine,1,64,1.947197518874504,0.4232142584966803,0.6190322647669486,0.34261907742142045,0.17362637362637362,0.17362637362637362,0.6428745985031128,0.23097172379493713,-0.08901690327820741,-0.07409332315112735,-0.08901690327820741,-0.07409332315112734,-0.05829303119865614,-0.0793749209153711,-0.08314614233457267,-0.07682938710022913,-0.0662748607668138,-0.08230574320456421,-0.06537182724573205,-0.06708768459469452,-0.39999999999999997
chaosnli_snli,gemma,2,GPP-rbf,1,64,1.1126814779867134,0.22675616450531852,0.4507183319592214,0.5476005363639567,0.07912087912087912,0.07912087912087912,0.7105423808097839,0.3867991268634796,0.02306355584245936,-0.0037304922674762514,0.02306355584245936,-0.003730492267476272,0.04175188723562066,-0.021499927394525237,0.03167757432904958,-0.011220370996256175,0.04754551516926358,-0.026852258817018866,0.04158805825731783,-0.00820422760419946,0.7999999999999999
chaosnli_snli,gemma,2,GPP-laplace,1,64,1.0864841951498951,0.2175819729008999,0.43839024033520246,0.5475424602981316,0.4747252747252747,0.4747252747252747,0.7099936604499817,0.38728979229927063,0.008617135435738804,-0.0036960545386482066,0.008617135435738804,-0.003696054538648186,0.025726304501160834,-0.02272213039477385,0.016456791914460263,-0.011373752985678186,0.031594958154663774,-0.027826704795706595,0.023706056326806235,-0.012562570243445181,0.6000000000000001
chaosnli_snli,gemma,2,LPE,1,64,1.3523656223815324,0.282734322338191,0.5066659136644596,0.3788355807936353,0.2087912087912088,0.2087912087912088,0.503021240234375,0.40563341975212097,0.0212205243429402,-0.05010759184822672,0.021220524342940195,-0.05010759184822669,0.044982833336356345,-0.038939771951720686,0.033691950208769424,-0.048094392420163945,0.049284782155400296,-0.041187262045763784,0.024883148354555344,-0.05223189014588133,0.0
chaosnli_snli,gemma,2,LP-temp,1,64,5.001712022948486,0.5136776351129033,0.6638206850182982,0.37484780760236136,0.2175824175824176,0.2175824175824176,0.2966627658770231,,-0.032604714257597776,,-0.032604714257597776,,0.005956077365726693,,-0.02043978107746578,,0.002369857598285398,,-0.03840215762590533,,-0.39999999999999997
chaosnli_snli,gemma,2,GPP-cosine,1,256,1.8654880865324748,0.4223534674652032,0.6284482057748751,0.34577433375633043,0.13846153846153847,0.13846153846153847,0.7551230192184448,0.12223599851131439,-0.06583425405529361,-0.0343837492221752,-0.0658342540552936,-0.034383749222175214,-0.04449027824974932,-0.05491479743425026,-0.05940103254597898,-0.041216968322128386,-0.04677561201538859,-0.0522247373293783,-0.03998934319089393,-0.03146254434211839,-0.7999999999999999
chaosnli_snli,gemma,2,GPP-rbf,1,256,1.0973430871847638,0.22233508571865426,0.4433365834610803,0.5480502275210959,0.34285714285714286,0.34285714285714286,0.7115349173545837,0.38625627756118774,0.01367581415837308,-0.017561426040430345,0.013675814158373108,-0.01756142604043036,0.02718401050366611,-0.03417992766389506,0.019554656136307556,-0.026094241287298838,0.032642982785106286,-0.041022631605064766,0.018998388903742336,-0.024355530341359503,0.6000000000000001
chaosnli_snli,gemma,2,GPP-laplace,1,256,1.0885965248036331,0.2188812507340395,0.43925808163789604,0.5482656424411587,0.5494505494505495,0.5494505494505495,0.7106297016143799,0.387376993894577,0.006829609795549446,-0.009552010423237889,0.00682960979554946,-0.009552010423237875,0.024392981694120384,-0.026687000015172754,0.014264751179008994,-0.017087963939550126,0.029857542501109658,-0.03211654462760078,0.018430354523599448,-0.01898370691121351,0.6000000000000001
chaosnli_snli,gemma,2,LPE,1,256,1.2687000599724547,0.24991313240563778,0.4474670725797845,0.3494758865313688,0.3802197802197802,0.3802197802197802,0.5648075342178345,0.19556167721748352,-0.04930090588293112,-0.0780325556058617,-0.04930090588293114,-0.07803255560586167,-0.05152341006064627,-0.059518965141025476,-0.06197250683568799,-0.0861196056911036,-0.06022793503114661,-0.07108435773487123,-0.04482924953649733,-0.05967873779391775,-0.19999999999999998
chaosnli_snli,gemma,2,LP-temp,1,256,12.257625628501026,0.565285268419053,0.6730692195008994,0.5064790100872804,0.3142857142857143,0.3142857142857143,0.06962104674329143,,0.004613132853476042,,0.004613132853476032,,0.0030220011854139306,,-0.0016377123645705677,,-0.0006875720568457304,,0.0076965578735184725,,0.19999999999999998
chaosnli_snli,gemma,3,GPP-cosine,0,64,1.3663287139828753,0.2951374391606267,0.5040713437679377,0.40197809366945053,0.2945054945054945,0.2945054945054945,0.6862004995346069,0.25466394424438477,0.0921239363746069,0.07428959498191653,0.09212393637460689,0.07428959498191652,0.0616460963616668,0.03698053697718294,0.08228264189318138,0.0663195191628381,0.06308711487093051,0.04500814677498564,0.05864872653309719,0.038779191432509956,0.39999999999999997
chaosnli_snli,gemma,3,GPP-rbf,0,64,1.1089089228324291,0.2257726367207789,0.4487773534688321,0.5477478125251984,0.24175824175824176,0.24175824175824176,0.7106667757034302,0.38682201504707336,0.01062604088505352,0.001616004685807873,0.010626040885053534,0.00161600468580788,0.02763471318016879,-0.015661953825555665,0.01820362380649227,-0.005014555279962127,0.032039156317106784,-0.019778239069521475,0.024915860121823362,-0.0076083243670333305,0.6000000000000001
chaosnli_snli,gemma,3,GPP-laplace,0,64,1.0896145831964619,0.21905260367195015,0.4401350764782874,0.548247403721254,0.43956043956043955,0.43956043956043955,0.7105231285095215,0.3874652683734894,0.009755102222215185,-0.002466685422412733,0.009755102222215192,-0.002466685422412747,0.026739929276222412,-0.020647840447517586,0.01783809916189505,-0.009509240329186493,0.03253480937931396,-0.0251652186765434,0.021077648494076576,-0.01066969364316419,0.6000000000000001
chaosnli_snli,gemma,3,LPE,0,64,1.715817612328981,0.3437823576907873,0.537625770867485,0.34112688932204377,0.2835164835164835,0.2835164835164835,0.45222800970077515,0.4152982234954834,0.006524820679819625,0.08846560748816315,0.006524820679819625,0.08846560748816315,0.016652057665435066,0.07072456055999146,0.014144595214108994,0.08991615967152289,0.013045885432532149,0.07297095072278172,0.022245695277605733,0.06254964735020609,0.39999999999999997
chaosnli_snli,gemma,3,LP-temp,0,64,5.531519602709865,0.5236561261365522,0.6564758888392357,0.39266036779621816,0.2681318681318681,0.2681318681318681,0.2642243770889097,,-0.04800531617644019,,-0.04800531617644018,,-0.0478916679731481,,-0.048216360127217764,,-0.053603466387075145,,-0.03695345347594602,,-0.7999999999999999
chaosnli_snli,gemma,3,GPP-cosine,0,256,1.3825744488892815,0.29519347437569793,0.503368947826899,0.3203056268300938,0.27912087912087913,0.27912087912087913,0.6970826387405396,0.10120531171560287,0.08884143527595037,0.0860634390452523,0.08884143527595037,0.08606343904525232,0.03858063726676384,0.037681840457881366,0.07865707418839868,0.07891229302586728,0.04470984724215296,0.045613081113449874,0.05530326014977649,0.0424538537463143,0.39999999999999997
chaosnli_snli,gemma,3,GPP-rbf,0,256,1.0702080789108164,0.21231606757167182,0.43088222313058244,0.5473862092795416,0.6923076923076923,0.6923076923076923,0.7113878130912781,0.38573941588401794,-0.0009201660740240022,0.007075570991899295,-0.0009201660740239814,0.007075570991899281,0.01820958876397371,-0.010270257917608938,0.006636449730549165,0.0023957302101580077,0.022799845269854922,-0.011699553870750726,0.01016265037562358,-0.0016092254366632955,0.6000000000000001
chaosnli_snli,gemma,3,GPP-laplace,0,256,1.0687635854085806,0.21156555749739708,0.4298769261810806,0.5470671267379288,0.6197802197802198,0.6197802197802198,0.7100096940994263,0.3867985010147095,0.0002865160311917164,-0.003878453329378896,0.0002865160311917164,-0.003878453329378903,0.02120170318537394,-0.01950275376675153,0.008554186222189644,-0.009732468843160022,0.026290257774449426,-0.023597775477851086,0.012549703065047794,-0.012789497992557288,0.7999999999999999
chaosnli_snli,gemma,3,LPE,0,256,1.0907833873078878,0.2020871632609439,0.4012429802473839,0.3379773029819675,0.4087912087912088,0.4087912087912088,0.5444155335426331,0.24850459396839142,0.07091176166570588,0.07458975735902883,0.07091176166570588,0.07458975735902883,0.046375645116352004,0.040643901534571175,0.07611071876127914,0.07680730778127887,0.055996806753749406,0.05421789637100634,0.050209577374790974,0.03973747772860052,0.39999999999999997
chaosnli_snli,gemma,3,LP-temp,0,256,12.081280300379305,0.4979794067830927,0.6073179786678178,0.5149407964052425,0.41098901098901097,0.41098901098901097,0.04585861051397324,,0.022683040892297064,,0.022683040892297064,,-0.010255744551418963,,0.0016775452928716947,,-0.015399843469468849,,0.0681869193545176,,0.0
chaosnli_snli,gemma,3,GPP-cosine,1,64,1.4778489492572418,0.3191514494202445,0.5236827591556933,0.33258224368877554,0.2813186813186813,0.2813186813186813,0.6253332495689392,0.22792436182498932,0.08318794406045565,0.0841617067941304,0.08318794406045565,0.08416170679413039,0.03813187613721144,0.03860245488699188,0.07246767574195706,0.0755667214766587,0.043450374740179036,0.04742543906818693,0.043658845893558736,0.045794160518495455,0.39999999999999997
chaosnli_snli,gemma,3,GPP-rbf,1,64,1.0771415332656606,0.2146072474632953,0.43451988019131044,0.5470813118696852,0.48131868131868133,0.48131868131868133,0.7103692889213562,0.3864506781101227,0.012525572151300832,0.009234604529104594,0.012525572151300832,0.009234604529104594,0.030212029674061697,-0.010346050659274159,0.020565371797856075,0.0034885819206755195,0.035427983747725114,-0.012541513587932367,0.02615161895726745,-0.001199832536104886,0.6000000000000001
chaosnli_snli,gemma,3,GPP-laplace,1,64,1.0763306364346936,0.21397935007516158,0.43380242599235785,0.5468157432290986,0.5164835164835165,0.5164835164835165,0.7096191644668579,0.38693761825561523,0.011770089142364902,0.0017806076299431012,0.011770089142364909,0.001780607629943115,0.029484761619608578,-0.01717977212148267,0.020123529119781693,-0.005094777733097897,0.03533475030233196,-0.021364420569139397,0.026304717609620967,-0.00865636241739082,0.6000000000000001
chaosnli_snli,gemma,3,LPE,1,64,1.081940590790335,0.18913713378250435,0.3552225193111124,0.2982475798375041,0.610989010989011,0.610989010989011,0.4513726830482483,0.340282678604126,0.11653603458359063,0.09652873672783224,0.11653603458359064,0.09652873672783223,0.0802233595371325,0.07829068254412,0.11499184214657801,0.09778388486339365,0.08942056231817694,0.0880046065075999,0.10144139474424171,0.06797380003373442,0.39999999999999997
chaosnli_snli,gemma,3,LP-temp,1,64,1.665759547224633,0.265241580551406,0.4089636252026247,0.30792464921332596,0.610989010989011,0.610989010989011,0.4140692582691114,,0.10060718956838136,,0.10060718956838136,,0.06876020746975389,,0.09916939885810311,,0.07851371031728643,,0.08911540222638017,,0.7999999999999999
chaosnli_snli,gemma,3,GPP-cosine,1,256,1.2613438200220237,0.26836696116552833,0.48035853475659757,0.37028756000439533,0.27912087912087913,0.27912087912087913,0.7898730039596558,0.10338715463876724,0.06599674301520908,0.04853275801698884,0.06599674301520908,0.04853275801698884,0.015225086696873015,0.02303593818756057,0.05317922985330591,0.04483102123122698,0.019155231441702676,0.025207322581187033,0.036290347896159876,0.003252911877323648,0.39999999999999997
chaosnli_snli,gemma,3,GPP-rbf,1,256,1.1108668012409475,0.2261739810298555,0.44977269955388793,0.5477843586026963,0.14725274725274726,0.14725274725274726,0.7116795778274536,0.385845810174942,0.01661248306594438,0.00949000679854723,0.016612483065944386,0.009490006798547217,0.030697759984713843,-0.008367670012228434,0.023151481033137484,0.003947730029272331,0.035014969856004746,-0.010987944553283988,0.03300004476280026,-0.0003346740361379843,0.6000000000000001
chaosnli_snli,gemma,3,GPP-laplace,1,256,1.0988237271687933,0.2216687237732778,0.4443303876853251,0.5471549336658537,0.3076923076923077,0.3076923076923077,0.7100580334663391,0.3868352472782135,0.0126363521393408,-0.0005578794324823805,0.012636352139340792,-0.0005578794324823805,0.02706564478184397,-0.019968568198862342,0.020457024404448604,-0.007648241660958219,0.03359247721660956,-0.024011738451864516,0.02788973657414287,-0.011599379131826898,0.6000000000000001
chaosnli_snli,gemma,3,LPE,1,256,1.7794692129754273,0.3865997570544082,0.6094250858034734,0.33674502403085593,0.0967032967032967,0.0967032967032967,0.6254138350486755,0.2194904386997223,-0.07064893144666012,-0.011808675980697007,-0.07064893144666012,-0.011808675980697007,-0.04436350509281976,0.025992147589031664,-0.06965109873094247,0.0015445149766112817,-0.054925549873785166,0.026519197202901294,-0.046782194202267105,0.002565091123190044,-0.19999999999999998
chaosnli_snli,gemma,3,LP-temp,1,256,18.367250307518198,0.6342166293089129,0.7455630957019043,0.5303785639525292,0.1912087912087912,0.1912087912087912,0.02905524230057868,,-0.02265552496583115,,-0.02265552496583116,,-0.0022994985378042166,,-0.02112528014863059,,-0.003165664335114343,,-0.052670839286160516,,-0.7999999999999999
chaosnli_snli,gemma,4,GPP-cosine,0,64,1.1537704285232628,0.24048239641211888,0.453671816777397,0.48985050551705783,0.2725274725274725,0.2725274725274725,0.7655861377716064,0.27249059081077576,-0.035050048726305585,-0.02080660875650291,-0.03505004872630557,-0.020806608756502913,-0.05493862529511489,-0.03598031696140474,-0.05770136859615372,-0.03721288640321091,-0.066240024878143,-0.05245200988570627,-0.05389818974834298,-0.02600660673428612,-0.19999999999999998
chaosnli_snli,gemma,4,GPP-rbf,0,64,1.0902694666328487,0.2193181378743476,0.4392018198803231,0.5453485359349143,0.6791208791208792,0.6791208791208792,0.7093664407730103,0.38570088148117065,-0.007736645144269881,-0.01676114946469955,-0.00773664514426986,-0.016761149464699553,0.011176598662805532,-0.039876158687846205,-0.0026252336579508165,-0.02920782381754942,0.01480556839213603,-0.04636625194768341,0.006047000556645411,-0.022953518218303392,0.0
chaosnli_snli,gemma,4,GPP-laplace,0,64,1.0940287758426008,0.22016292150465422,0.4417986117221497,0.5468707436954778,0.47692307692307695,0.47692307692307695,0.7096678614616394,0.38694122433662415,-0.002370483227294877,-0.00891869874736221,-0.002370483227294863,-0.00891869874736221,0.014519229262493088,-0.030703301122806413,0.004249412759009856,-0.018802643982852234,0.018638427218487026,-0.0369196410839041,0.009249462902826827,-0.014183835173250049,0.6000000000000001
chaosnli_snli,gemma,4,LPE,0,64,1.7448282437719316,0.24750708291730403,0.4000709268446851,0.28530962020183503,0.6373626373626373,0.6373626373626373,0.3725111782550812,0.38025158643722534,-0.05566634626926025,-0.0855516075847843,-0.05566634626926024,-0.08555160758478429,-0.04669566540684871,-0.07777544680308968,-0.05642945441546564,-0.0878446681244073,-0.049309142345606724,-0.0820214004002574,-0.0457137088040603,-0.06761982523000035,0.0
chaosnli_snli,gemma,4,LP-temp,0,64,2.603965328462258,0.35894307735500486,0.5236715627412237,0.2935079915329642,0.3868131868131868,0.3868131868131868,0.512218114966869,,-0.05135767434986481,,-0.051357674349864796,,-0.0580374577564686,,-0.05513469824185488,,-0.058237763401891365,,-0.042032358105445436,,-0.19999999999999998
chaosnli_snli,gemma,4,GPP-cosine,0,256,1.337774955941503,0.29131575169337615,0.5054672891867685,0.4355486922639048,0.21318681318681318,0.21318681318681318,0.8472987413406372,0.1329641193151474,0.013586557523026736,0.024404658639682858,0.013586557523026751,0.024404658639682865,-0.00321626239892938,0.0031827353145941553,0.0033200300343977016,0.007450259190082145,-0.01027341480380969,-0.008796960096138614,-0.004735312746947395,0.004489434981531975,0.6000000000000001
chaosnli_snli,gemma,4,GPP-rbf,0,256,1.0879470170806536,0.21845862675576194,0.4393675800535705,0.5480663689612412,0.41318681318681316,0.41318681318681316,0.7131156325340271,0.3846917450428009,0.00871756016093863,-0.007814925369365185,0.00871756016093863,-0.007814925369365178,0.03628632795868454,-0.035352433028451556,0.021248466599079058,-0.021117443024718092,0.04219393222452189,-0.04197941420113068,0.013597900795735607,-0.010126724194355627,0.7999999999999999
chaosnli_snli,gemma,4,GPP-laplace,0,256,1.0793318965524181,0.2147549478799039,0.43473787687636994,0.5461428848352984,0.5340659340659341,0.5340659340659341,0.7095763683319092,0.3863036036491394,0.0012154898038999884,-0.0030769316522238147,0.0012154898039000023,-0.0030769316522238008,0.017665760370937304,-0.02538810115668328,0.007553791045242758,-0.013201243876058727,0.023168291373902868,-0.0313080414336786,0.018890865155550305,-0.011886788960547082,0.7999999999999999
chaosnli_snli,gemma,4,LPE,0,256,1.002337547033052,0.17773804066979024,0.35373011298559526,0.41017445426149335,0.643956043956044,0.643956043956044,0.6746110320091248,0.278107225894928,-0.037560215187056094,0.04762810942916533,-0.0375602151870561,0.047628109429165344,0.011706382326468994,0.042579699090544244,-0.024828556692222253,0.0370579457961291,0.008349207117453183,0.03571329542946526,-0.015220661764952978,0.030788928443344278,0.19999999999999998
chaosnli_snli,gemma,4,LP-temp,0,256,8.453947632594966,0.3981555504451946,0.5081398008440601,0.4918513186931176,0.5516483516483517,0.5516483516483517,0.08625150678830222,,0.05837443457458687,,0.05837443457458687,,0.06364879111459078,,0.05613791934856624,,0.05458961295706703,,0.04056295181202499,,0.7999999999999999
chaosnli_snli,gemma,4,GPP-cosine,1,64,1.4324640755391236,0.30980039364802436,0.5160565617975298,0.4076578464621116,0.24835164835164836,0.24835164835164836,0.69703608751297,0.25071683526039124,-0.04169968942003384,-0.02483048125360683,-0.041699689420033825,-0.024830481253606828,-0.04028017067510678,-0.030666667577896767,-0.0525708175355784,-0.04000984865934354,-0.05207690700848926,-0.045514516980407725,-0.04620648351733846,-0.02335138083513964,-0.19999999999999998
chaosnli_snli,gemma,4,GPP-rbf,1,64,1.0999152902901879,0.22166503343024205,0.4456162104567329,0.5453363630740435,0.23296703296703297,0.23296703296703297,0.7097022533416748,0.38534748554229736,0.029401622291258443,0.008625455063686296,0.029401622291258443,0.008625455063686283,0.02934822128433957,-0.02384093714627312,0.03481320519860458,-0.0037820151295518203,0.03883055193480843,-0.027993257470130848,0.04590945553284829,0.0009991809917891934,0.6000000000000001
chaosnli_snli,gemma,4,GPP-laplace,1,64,1.089207526950733,0.2180338529913573,0.4399449343209738,0.5460482243249368,0.4967032967032967,0.4967032967032967,0.7091696262359619,0.3866102397441864,0.011179729718968183,0.0003909323758593472,0.01117972971896819,0.00039093237585935414,0.017759185447810372,-0.026483187569465133,0.015757166586752226,-0.01027104513378621,0.02431814317511041,-0.03168492818261781,0.02917581742485202,-0.00979440732956438,0.6000000000000001
chaosnli_snli,gemma,4,LPE,1,64,1.4106420070398509,0.30057241712043486,0.5425890520306503,0.36622101945770813,0.1010989010989011,0.1010989010989011,0.4914676249027252,0.33138641715049744,0.057357800224545744,0.029279162897027047,0.05735780022454576,0.029279162897027033,0.013777473532092847,-0.014316490710199886,0.05486025444501989,0.01964935280583467,0.027116526580632756,-0.008182108263391854,0.01039432328567951,0.01612760674525991,0.39999999999999997
chaosnli_snli,gemma,4,LP-temp,1,64,2.407467267613691,0.461248010697072,0.669341597237879,0.3168694779080356,0.10989010989010989,0.10989010989010989,0.4630529883513273,,-0.0026927332459011945,,-0.0026927332459011875,,-0.03359428727742505,,-0.004003756173810484,,-0.02517375873018245,,-0.005347204408755823,,-0.19999999999999998
chaosnli_snli,gemma,4,GPP-cosine,1,256,1.3005951870771186,0.2793631285227616,0.49347360654027905,0.4554906044875443,0.26373626373626374,0.26373626373626374,0.8698515892028809,0.13259637355804443,-0.022463055980298102,0.0013123334776493634,-0.02246305598029811,0.0013123334776493634,-0.02827176215487512,-0.032311686969506814,-0.03551433355918818,-0.02093453957643012,-0.04299457541044102,-0.04702876834024808,-0.028341743989528316,-0.028537172223801505,0.39999999999999997
chaosnli_snli,gemma,4,GPP-rbf,1,256,1.0858118193455764,0.2176125520259348,0.4377955177655587,0.5474351653369632,0.512087912087912,0.512087912087912,0.7123566269874573,0.38481953740119934,0.007753832153889931,-0.018730819592051993,0.007753832153889938,-0.01873081959205198,0.026726065502793245,-0.04686886338418467,0.016329037574724675,-0.03401931615215337,0.03231294677788621,-0.054985578357112014,0.01376874125890827,-0.022543360251125494,0.7999999999999999
chaosnli_snli,gemma,4,GPP-laplace,1,256,1.0861294024880053,0.21735171865976263,0.4384505990114841,0.5474403494285717,0.4461538461538462,0.4461538461538462,0.7103908658027649,0.3867904841899872,0.008997658822618472,-0.005041095200325044,0.008997658822618479,-0.00504109520032503,0.024791891547379555,-0.02813109224894812,0.016654494413175645,-0.015221316411793452,0.03089146033088783,-0.03403021818486715,0.022669356681175156,-0.014723173332855973,0.6000000000000001
chaosnli_snli,gemma,4,LPE,1,256,1.094042292185393,0.2051392393145778,0.400394451208822,0.37730481394527127,0.5032967032967033,0.5032967032967033,0.6711062788963318,0.2325565218925476,-0.03937742090170355,-0.056857114473767234,-0.039377420901703555,-0.05685711447376722,-0.03327413070623065,-0.041671796323208644,-0.04585288365948627,-0.06189083243905306,-0.039407599915463803,-0.04152644401558826,-0.01141579889350378,-0.060153740513270805,-0.39999999999999997
chaosnli_snli,gemma,4,LP-temp,1,256,11.695551363550646,0.5052105880002749,0.6223319220515329,0.5071717363249536,0.37362637362637363,0.37362637362637363,0.06027297928133784,,-0.02857199691396961,,-0.02857199691396961,,-0.030930657336887594,,-0.02499207665717511,,-0.02972213940838478,,0.005730767717946456,,-0.39999999999999997
chaosnli_snli,gemma,5,GPP-cosine,0,64,1.6223244662534284,0.3802398033511772,0.6043437358923256,0.38728915252529705,0.11208791208791209,0.11208791208791209,0.6642487049102783,0.22996719181537628,0.06338630814673309,0.04780561035914754,0.06338630814673307,0.04780561035914755,0.019550440069830057,0.012673089570602158,0.05837122666143225,0.047129700402640126,0.029321486935835105,0.024713854769417277,0.059500571962346004,0.029987022954014043,0.19999999999999998
chaosnli_snli,gemma,5,GPP-rbf,0,64,1.1081387855087783,0.2253645753971896,0.44769585930056627,0.5466645966875938,0.4857142857142857,0.4857142857142857,0.7100071310997009,0.3863964378833771,-0.001324903579193959,-0.018051299972304577,-0.001324903579193966,-0.01805129997230457,0.011011840547334895,-0.043491119277535004,0.0017177287264550922,-0.030461854850774638,0.0124915277057554,-0.04998576273221261,0.011016661918437252,-0.026228150690500055,0.6000000000000001
chaosnli_snli,gemma,5,GPP-laplace,0,64,1.0996617279343042,0.22234003040732697,0.44452330142587093,0.5476628596973487,0.4725274725274725,0.4725274725274725,0.7100633978843689,0.38734039664268494,0.0010862974629044578,-0.006836734080091115,0.0010862974629044578,-0.006836734080091101,0.01792274338994721,-0.02773654548351932,0.006739716487565411,-0.016332275781360206,0.021370134457771736,-0.03362390135795491,0.011555172093174488,-0.015847013077732723,0.6000000000000001
chaosnli_snli,gemma,5,LPE,0,64,1.5808778010799445,0.2632262095280127,0.44235256550503205,0.38134237138646765,0.48131868131868133,0.48131868131868133,0.4707239270210266,0.41529732942581177,0.017858123788264207,0.0569527139006119,0.017858123788264207,0.05695271390061189,-0.0024254348483163206,0.018666933511047007,0.007450419293457758,0.0416749779539169,-0.007724410574037787,0.015198755366155078,-0.00360452982164829,0.048278927325056266,0.6000000000000001
chaosnli_snli,gemma,5,LP-temp,0,64,3.2181819515218146,0.32943993958273,0.47106417237912196,0.331227261065762,0.512087912087912,0.512087912087912,0.4318765275344038,,0.04234711752694133,,0.04234711752694133,,0.03291340005238987,,0.042161564253042766,,0.03905054500612261,,0.04776207442646022,,0.7999999999999999
chaosnli_snli,gemma,5,GPP-cosine,0,256,1.6698034675625677,0.3870702693908987,0.6111166503659071,0.36337978991065695,0.15824175824175823,0.15824175824175823,0.7544469833374023,0.0997997522354126,0.06214059550919911,0.04609676893660852,0.062140595509199106,0.04609676893660854,0.03402345339288819,0.026150214735400808,0.06728179006352152,0.05502980693492698,0.04777159706336435,0.03986429884280597,0.05925705105634,0.056245366924515885,0.19999999999999998
chaosnli_snli,gemma,5,GPP-rbf,0,256,1.1069207873077112,0.2251200246275126,0.44854886204331784,0.5463398202220774,0.09230769230769231,0.09230769230769231,0.7114508748054504,0.3846115469932556,-0.0038524272222186864,-0.02173696930971135,-0.0038524272222186864,-0.021736969309711352,0.012844910925450849,-0.051402824889644635,0.002892685101183741,-0.03699439099811901,0.01776679249191704,-0.0574492430520851,-0.0009415972135042091,-0.026320195605273447,0.6000000000000001
chaosnli_snli,gemma,5,GPP-laplace,0,256,1.0914390368898088,0.21932834074619206,0.4410983273616204,0.5469999840595261,0.5318681318681319,0.5318681318681319,0.7099468111991882,0.3867887258529663,-0.015219526522310865,-0.011825875929144556,-0.015219526522310865,-0.011825875929144549,0.0011404581646635298,-0.03381416288555926,-0.01246805294742527,-0.02377910238165921,0.0025710305703736565,-0.04113281508357066,-0.005792459740427788,-0.019872337852317356,-0.19999999999999998
chaosnli_snli,gemma,5,LPE,0,256,1.7235866437169254,0.3896405495428064,0.6280777171155653,0.3390827518542603,0.024175824175824177,0.024175824175824177,0.5683075189590454,0.21569262444972992,0.009139518009689283,0.03330609523358052,0.009139518009689289,0.03330609523358052,-0.034117723474686425,-0.020155832159483814,0.002860945412844332,0.019751160741390314,-0.027068004510170742,-0.017364400461923172,0.004623075279936522,0.023045180208623596,-0.39999999999999997
chaosnli_snli,gemma,5,LP-temp,0,256,22.185080428735073,0.7498432993507479,0.8636853873418353,0.539276889618558,0.006593406593406593,0.006593406593406593,0.013650640095487838,,-0.0019864441130076314,,-0.001986444113007635,,0.006624788989101214,,0.015459564316582713,,0.018156710629065976,,-0.015854341698764384,,0.19999999999999998
chaosnli_snli,gemma,5,GPP-cosine,1,64,1.7752222589799873,0.4132001074284711,0.6308519227890769,0.35465380472496216,0.11208791208791209,0.11208791208791209,0.6179565191268921,0.22999586164951324,0.05847094198082016,0.0555881918114351,0.058470941980820146,0.0555881918114351,0.026132780227135336,0.020088977702581837,0.061445577863244664,0.05670233834565882,0.041613100679490304,0.035635228198916936,0.051311950589371096,0.029389845738788764,0.19999999999999998
chaosnli_snli,gemma,5,GPP-rbf,1,64,1.1198741287539122,0.23005226160815898,0.4532986933549682,0.5467580436041521,0.3362637362637363,0.3362637362637363,0.7100544571876526,0.3864392936229706,0.01568396095472927,-0.022095915822104257,0.015683960954729292,-0.02209591582210426,0.02786484865971637,-0.048276960662294865,0.02116307440706182,-0.03449430367426212,0.030812056161110827,-0.05504146750778438,0.020279564938923772,-0.027614238818852273,0.6000000000000001
chaosnli_snli,gemma,5,GPP-laplace,1,64,1.0989618414123696,0.22203654133482661,0.4438992645059313,0.5474728034459362,0.4945054945054945,0.4945054945054945,0.7099470496177673,0.38726672530174255,0.009086887032325408,-0.006856142758981491,0.009086887032325408,-0.006856142758981491,0.026619114147280486,-0.02730862025916641,0.016047705142519998,-0.016202365307086783,0.031086297155230445,-0.03325992169224878,0.020864831123809883,-0.017752663004244513,0.6000000000000001
chaosnli_snli,gemma,5,LPE,1,64,1.9084558878977906,0.34821685135323543,0.49896177218287957,0.2915568749263913,0.46153846153846156,0.46153846153846156,0.41471579670906067,0.29759615659713745,0.047580986202939254,-0.04887180162211484,0.04758098620293925,-0.048871801622114824,0.010278914144441414,-0.06071774731330527,0.030172446309003658,-0.06742478500615993,0.0041753660382565,-0.07670832187275017,0.04383376308107965,-0.06052924554620445,0.39999999999999997
chaosnli_snli,gemma,5,LP-temp,1,64,4.199751779447919,0.46191406785245465,0.5694675256918252,0.35246623479806444,0.4307692307692308,0.4307692307692308,0.29862825747898847,,0.04328550382994855,,0.04328550382994853,,0.010297992923329759,,0.028456751763397695,,0.006941305262169177,,0.029028481862311644,,0.39999999999999997
chaosnli_snli,gemma,5,GPP-cosine,1,256,1.3492060708068598,0.30366288384870105,0.5275859504692502,0.444301858502421,0.1912087912087912,0.1912087912087912,0.8431041836738586,0.11152207851409912,0.06475665084337047,0.04868563696664214,0.06475665084337048,0.04868563696664213,0.026537920592316733,0.005520147377420804,0.06320128268360219,0.044806430738960956,0.03889233608693731,0.017406395112168224,0.07980300734903863,0.021242310158221357,0.19999999999999998
chaosnli_snli,gemma,5,GPP-rbf,1,256,1.0942752340872235,0.2206753582647953,0.44167801862234596,0.546976341340134,0.5208791208791209,0.5208791208791209,0.7116008996963501,0.38511642813682556,0.004888439309032634,-0.021554864823638463,0.004888439309032641,-0.02155486482363846,0.028287412438286266,-0.05005347511485251,0.014471728019705556,-0.036851954765268834,0.031290540678383154,-0.05808837606460854,0.014908473441558942,-0.029199258621140332,0.7999999999999999
chaosnli_snli,gemma,5,GPP-laplace,1,256,1.0913294005367211,0.21928338049902607,0.4405263221198386,0.546859701444411,0.5406593406593406,0.5406593406593406,0.7098119854927063,0.3867887258529663,-0.009436124720636076,-0.011492518149402296,-0.009436124720636055,-0.01149251814940229,0.006731052839101935,-0.033567591970098884,-0.006321321268372038,-0.023495459598447236,0.00727745795236889,-0.04166683973779958,0.0013255741705427205,-0.021191733229273212,-0.39999999999999997
chaosnli_snli,gemma,5,LPE,1,256,1.487059342257985,0.2780616987678056,0.4674386386012474,0.3073247169941069,0.4021978021978022,0.4021978021978022,0.5708683133125305,0.22971302270889282,-0.04944206573499795,-0.0370425416133574,-0.049442065734997945,-0.037042541613357384,-0.04559227433233981,-0.04188427398997359,-0.05459573249287705,-0.053056014863869384,-0.05353705785252387,-0.053148604463254444,-0.07331393386426195,-0.04002832691950385,-0.19999999999999998
chaosnli_snli,gemma,5,LP-temp,1,256,13.836624931790988,0.5621938224873054,0.6775853704543293,0.5064599034773856,0.2879120879120879,0.2879120879120879,0.05662786684828567,,0.014407452313511407,,0.014407452313511393,,0.0197336460260975,,0.016666741329547,,0.019440497226638175,,-0.012761756712992857,,0.0
