dataset,model,variant,K,method,best_layer,soft_ce,tvd,acc,corrAlea_entropy,corrMI_entropy,corrAleaS_entropy,mono_alea
lewidi_armis,gemma,mean256,2,GPP-cosine,37,0.7042985738915154,0.30766479747980147,0.6537931034482758,0.10599184031179054,0.11384165389188886,0.09709871706133064,
lewidi_armis,gemma,mean256,2,GPP-laplace,50,0.6694377708718735,0.3523391482439534,0.5862068965517242,-0.17950727710028686,-0.018737657725281985,-0.18365958886019126,
lewidi_armis,gemma,mean256,2,GPP-rbf,25,0.575925586652539,0.2746873608148047,0.7310344827586207,0.15594484863645502,0.09403690529520436,0.1543725903385214,
lewidi_armis,gemma,mean256,2,LP-temp,25,0.5902447739774633,0.3074607836988477,0.7337931034482759,0.2081173502145767,,0.22594782504335006,
lewidi_armis,gemma,mean256,2,LPE,25,0.6122484553330428,0.2631522260461573,0.7337931034482759,0.21206339259478552,0.15827012716429742,0.21616268301391367,
lewidi_armis,llama,mean256,2,GPP-cosine,48,0.6516293633357925,0.3001134860077725,0.7020689655172414,0.024460680997258594,0.1472614778903008,-0.02299166239084362,
lewidi_armis,llama,mean256,2,GPP-laplace,32,0.6714453616057581,0.3494342772302957,0.5793103448275863,-0.04433754609949448,0.04596802666589406,-0.06849599420605493,
lewidi_armis,llama,mean256,2,GPP-rbf,32,0.6107673320611724,0.29018609621626296,0.713103448275862,0.0755612021609399,0.02613015661939142,0.08190779726738039,
lewidi_armis,llama,mean256,2,LP-temp,32,0.6197954029569935,0.3250334619883214,0.6951724137931035,0.048954522876528316,,0.06794857367293963,
lewidi_armis,llama,mean256,2,LPE,32,0.665305486522084,0.2880103924002394,0.6951724137931035,0.07735893561279589,0.06336618974695714,0.07629673680294832,
lewidi_armis,qwen,mean256,2,GPP-cosine,38,0.6535042732516956,0.3085302490829286,0.6717241379310345,0.09851508555592295,0.11258551285331533,0.04249351888307705,
lewidi_armis,qwen,mean256,2,GPP-laplace,19,0.6827234230602557,0.35613838922360846,0.576551724137931,-0.11666731084830007,-0.0417343301569615,-0.14602442720851275,
lewidi_armis,qwen,mean256,2,GPP-rbf,38,0.641103216105302,0.30941757869425,0.6813793103448276,0.08322142361935977,-0.028222427366223556,0.0797181151349191,
lewidi_armis,qwen,mean256,2,LP-temp,19,0.6362515290882762,0.3350326598691968,0.6482758620689655,0.12474546749585014,,0.1471192682747434,
lewidi_armis,qwen,mean256,2,LPE,29,0.731499001976439,0.3130423782793965,0.6482758620689655,0.11042263071174876,0.05114388599337196,0.0991515440605131,
lewidi_convabuse,gemma,mean256,2,GPP-cosine,0,0.3556650954040712,0.14801596984363816,0.8683333333333334,0.275349688491513,0.2149218363081955,0.25897188785509495,
lewidi_convabuse,gemma,mean256,2,GPP-laplace,0,0.3993519489547779,0.2246584821014576,0.8235714285714286,0.19953578264545954,0.19129479354780338,0.19878400560661053,
lewidi_convabuse,gemma,mean256,2,GPP-rbf,12,0.2960336074484397,0.1453991636923179,0.8776190476190475,0.31305380754279305,0.24564098992249145,0.29786146585172124,
lewidi_convabuse,gemma,mean256,2,LP-temp,25,0.3614077496009921,0.18811319540164878,0.8645238095238096,0.1895829263955289,,0.19093669586722042,
lewidi_convabuse,gemma,mean256,2,LPE,25,0.3480989015158154,0.13179097250178776,0.8783333333333333,0.2782688869232168,0.2724048006461595,0.26696981600525155,
lewidi_convabuse,llama,mean256,2,GPP-cosine,64,0.32135396492183776,0.15480506841562494,0.8676190476190477,0.2916642888356204,0.2625035105281915,0.2850174684886332,
lewidi_convabuse,llama,mean256,2,GPP-laplace,16,0.39833699689090835,0.22013241787729343,0.8228571428571427,0.17109499649720736,0.16314922720365113,0.1691771820467254,
lewidi_convabuse,llama,mean256,2,GPP-rbf,16,0.296213847011894,0.13306315996622636,0.8754761904761905,0.33960015265793403,0.28294515017660915,0.3039366646602186,
lewidi_convabuse,llama,mean256,2,LP-temp,32,0.35448632721103274,0.1844396005830841,0.8671428571428571,0.21063561587187518,,0.20793940472587474,
lewidi_convabuse,llama,mean256,2,LPE,32,0.3417296755767056,0.12951184160422224,0.883095238095238,0.28587190504380156,0.2809397166585496,0.2816787176764904,
lewidi_convabuse,qwen,mean256,2,GPP-cosine,0,0.34188553467993954,0.1905178452167387,0.8488095238095237,0.2980821088088722,0.196598335213254,0.2940227719286006,
lewidi_convabuse,qwen,mean256,2,GPP-laplace,0,0.40638337631618987,0.22721045940427023,0.822857142857143,0.1982456488784639,0.18943048399843798,0.19933829229117692,
lewidi_convabuse,qwen,mean256,2,GPP-rbf,38,0.3109630817052284,0.14836131136532502,0.8742857142857143,0.30222442136929895,0.2436187215469158,0.2863246968990275,
lewidi_convabuse,qwen,mean256,2,LP-temp,29,0.3860762403990125,0.20144344114322665,0.8514285714285714,0.17827224201212194,,0.1784176564014496,
lewidi_convabuse,qwen,mean256,2,LPE,29,0.36283085011868443,0.14265066221281456,0.8742857142857143,0.2614575056532259,0.24661367191649397,0.2526671860155252,
lewidi_hsbrexit,gemma,mean256,2,GPP-cosine,0,0.4561237140763893,0.14084828526268298,0.8726190476190476,0.30243229095138097,0.2882474894862452,0.2852769593629913,
lewidi_hsbrexit,gemma,mean256,2,GPP-laplace,12,0.4003371966523125,0.17652257312133554,0.8928571428571429,0.051739219401519224,0.02998115800055704,0.07406823991020067,
lewidi_hsbrexit,gemma,mean256,2,GPP-rbf,37,0.3997976236066876,0.129505267290404,0.8940476190476192,0.3733418463238139,0.2787030266608276,0.34930007881653036,
lewidi_hsbrexit,gemma,mean256,2,LP-temp,37,0.3441565703710177,0.12342278739719388,0.9059523809523811,0.3832277163738329,,0.3557740553114548,
lewidi_hsbrexit,gemma,mean256,2,LPE,37,0.51377475347222,0.11807491594580218,0.9011904761904763,0.36684205836523187,0.2873071295928457,0.35189431692095735,
lewidi_hsbrexit,llama,mean256,2,GPP-cosine,48,0.37607658625443213,0.12145307985040128,0.9083333333333332,0.3865744922124147,0.3465513643908002,0.39680596032106624,
lewidi_hsbrexit,llama,mean256,2,GPP-laplace,80,0.4111904715157005,0.1671045271640954,0.8928571428571429,-0.05733318123584345,-0.08466831374369525,-0.02207286716797851,
lewidi_hsbrexit,llama,mean256,2,GPP-rbf,80,0.4166804169561377,0.13581634974107146,0.8928571428571429,0.2929243919232515,0.24105938253278975,0.2716932274897931,
lewidi_hsbrexit,llama,mean256,2,LP-temp,48,0.3560661261093726,0.13212622644879937,0.9047619047619048,0.31769096255219603,,0.30726803041732254,
lewidi_hsbrexit,llama,mean256,2,LPE,48,0.5356346702430612,0.12410445473913223,0.8964285714285716,0.29069398838001836,0.24198760792201437,0.3157255626681937,
lewidi_hsbrexit,qwen,mean256,2,GPP-cosine,0,0.3861435874396656,0.15629953847244557,0.8928571428571429,0.29140707781598274,0.13853841328079725,0.28889922589575806,
lewidi_hsbrexit,qwen,mean256,2,GPP-laplace,38,0.41220291715662,0.17157777924911072,0.8928571428571429,-0.04975882312543456,-0.07495579211909388,-0.027240894348420686,
lewidi_hsbrexit,qwen,mean256,2,GPP-rbf,38,0.41592080059861775,0.13633510048800546,0.8928571428571429,0.2763032987873124,0.22773462088323781,0.2823620433130153,
lewidi_hsbrexit,qwen,mean256,2,LP-temp,48,0.36940493790701234,0.14098869508507159,0.9035714285714287,0.275994751713079,,0.27232064086151947,
lewidi_hsbrexit,qwen,mean256,2,LPE,38,0.546876747456137,0.12615478201709746,0.8964285714285716,0.2457628955026435,0.22676038126144804,0.28527788886428274,
lewidi_md,gemma,mean256,2,GPP-cosine,0,0.6813724046432167,0.24136126420365786,0.732090284592738,0.22501816848246864,0.1640666701290154,0.21337677773895583,1.0
lewidi_md,gemma,mean256,2,GPP-laplace,50,0.6230652329263207,0.26884066941174545,0.6734707229309781,0.13946760754600113,0.11379377981513432,0.12373415473172597,1.0
lewidi_md,gemma,mean256,2,GPP-rbf,25,0.5908980398784267,0.21366738778756486,0.7674844618907425,0.3259797374612898,0.1844542320518233,0.314236993749439,1.0
lewidi_md,gemma,mean256,2,LP-temp,25,0.58045056995725,0.24108795641737255,0.7398756951259404,0.2800731026657113,,0.26643395350983073,1.0
lewidi_md,gemma,mean256,2,LPE,25,0.7105849908546439,0.22387231943069968,0.7555119398102715,0.28846492436530546,0.24667300244459214,0.2915345737554409,1.0
lewidi_md,llama,mean256,2,GPP-cosine,0,0.5998753369467139,0.25674571589258155,0.6997710173372587,0.2770950958841776,-0.08547451090152955,0.24892585115730204,1.0
lewidi_md,llama,mean256,2,GPP-laplace,48,0.6236618498641772,0.26916285604336,0.673470722930978,0.1474044495870524,0.12607920494995647,0.12800379528056532,1.0
lewidi_md,llama,mean256,2,GPP-rbf,32,0.583998359455729,0.20855185084694527,0.7713444553483808,0.3412046248878714,0.20460973146333267,0.33323065056771706,1.0
lewidi_md,llama,mean256,2,LP-temp,16,0.5785087417653785,0.23918201556638388,0.7437356885835786,0.27083352904253977,,0.2711680576767409,1.0
lewidi_md,llama,mean256,2,LPE,16,0.7032941167700225,0.21965471221683702,0.7589793915603533,0.2964766957568786,0.2564249020016532,0.30330908772499443,1.0
lewidi_md,qwen,mean256,2,GPP-cosine,0,0.6100170245784974,0.2642760868887711,0.6956493294079162,0.21474470245655247,-0.11444650293135114,0.17880398181472734,0.9
lewidi_md,qwen,mean256,2,GPP-laplace,38,0.633723471094551,0.2766041616942413,0.6710500490677135,0.08184610849574349,0.04324857284902821,0.06603682020513041,0.9
lewidi_md,qwen,mean256,2,GPP-rbf,29,0.6059054485087444,0.22378425026710005,0.7540726202158979,0.2966348244426903,0.06144454442749425,0.2894355522796125,1.0
lewidi_md,qwen,mean256,2,LP-temp,19,0.5910385485750169,0.24913848979169514,0.7339875695125941,0.26518627977773146,,0.2639660894042614,1.0
lewidi_md,qwen,mean256,2,LPE,29,0.7200891868184653,0.23333394891629178,0.7417075564278705,0.27429689516727007,0.2007520993648538,0.27648535564777726,1.0
chaosnli_snli,gemma,mean256,3,GPP-cosine,25,1.3184359596864463,0.38545464470816065,0.5116483516483517,0.12813211187529674,0.05544262922119847,0.13920532758185605,0.7999999999999999
chaosnli_snli,gemma,mean256,3,GPP-laplace,37,1.0183563464824732,0.37072382293805317,0.523956043956044,0.0867814488544729,0.07185370187049936,0.07013407188884982,0.96
chaosnli_snli,gemma,mean256,3,GPP-rbf,37,0.9767704146569871,0.30961883208791185,0.6285714285714286,0.09734353340670737,0.12630946818357675,0.10087517519585372,0.6000000000000001
chaosnli_snli,gemma,mean256,3,LP-temp,25,0.9111117008251626,0.33476858006781973,0.6210989010989011,0.08688939645512249,,0.11212496200847002,0.6399999999999999
chaosnli_snli,gemma,mean256,3,LPE,37,1.0976068754639274,0.30541184653344006,0.6378021978021977,0.08002347526397949,0.12283230839666692,0.08792478055164292,0.7599999999999999
chaosnli_snli,llama,mean256,3,GPP-cosine,32,1.0137450127231395,0.3193004674263416,0.6114285714285714,0.08940511492092418,0.02572182440788854,0.09746411168226751,0.6000000000000001
chaosnli_snli,llama,mean256,3,GPP-laplace,32,1.0211530056776108,0.3690311143882982,0.5261538461538462,0.06679263381034159,0.05308803757136469,0.04097867662099526,1.0
chaosnli_snli,llama,mean256,3,GPP-rbf,32,0.9723988995209103,0.3114536382495374,0.6202197802197802,0.09076293329062443,0.100394176883951,0.09888905614142372,0.6000000000000001
chaosnli_snli,llama,mean256,3,LP-temp,32,0.8925591715214065,0.32206452402270036,0.6518681318681319,0.10278190041403797,,0.1074503033569186,0.72
chaosnli_snli,llama,mean256,3,LPE,32,1.0875460268724129,0.29481089994021803,0.6575824175824175,0.13152704477491386,0.16924051084848163,0.140205731592582,0.64
chaosnli_snli,qwen,mean256,3,GPP-cosine,38,0.9616651281295573,0.2974909036285517,0.6646153846153846,0.11117511208239805,0.04581373567832564,0.11111593316628361,0.6000000000000001
chaosnli_snli,qwen,mean256,3,GPP-laplace,29,1.0095789811860167,0.3699156256969814,0.534945054945055,0.043634679092287666,0.03742606571406083,0.03933207243061869,0.48
chaosnli_snli,qwen,mean256,3,GPP-rbf,29,0.9318685947746772,0.2939537441914205,0.665054945054945,0.09329281602851204,0.10847277801058257,0.09228834650093115,0.6799999999999999
chaosnli_snli,qwen,mean256,3,LP-temp,29,0.8907268588789569,0.3186158382415717,0.6632967032967033,0.09192367949072731,,0.11795941206572728,0.7999999999999999
chaosnli_snli,qwen,mean256,3,LPE,29,1.0728392484564953,0.2941702201108393,0.6654945054945054,0.11615935148436525,0.1346597042252767,0.12691927427614877,0.6799999999999999
goemotions,gemma,mean256,28,GPP-cosine,0,3.104105168416604,0.6742235999170818,0.2625,0.10646967824984432,0.08569298272758234,0.08936529598724255,1.0
goemotions,gemma,mean256,28,GPP-laplace,50,3.046655123251842,0.7933977295882262,0.21104166666666668,0.14353906013742307,0.13083478867368753,0.09286522981248818,1.0
goemotions,gemma,mean256,28,GPP-rbf,37,2.857886865343125,0.6902756085422395,0.27625,0.18354966640750944,0.11806714640411568,0.15548169257189703,1.0
goemotions,gemma,mean256,28,LP-temp,0,3.105820477538348,0.7175084272969865,0.22708333333333333,0.18058302015939948,,0.16189035217648495,1.0
goemotions,gemma,mean256,28,LPE,25,3.654726417361683,0.6591091542394609,0.2504166666666667,0.15355426282008372,0.11376615464675024,0.14215518866836296,1.0
goemotions,llama,mean256,28,GPP-cosine,0,2.9140582329167106,0.6786092880774474,0.22458333333333333,0.1615988112839411,-0.16571812866402225,0.13296411724824558,0.7999999999999999
goemotions,llama,mean256,28,GPP-laplace,48,3.0424510207820825,0.7924575598915302,0.21166666666666667,0.12924564963789442,0.12458824208390981,0.08787169606738995,1.0
goemotions,llama,mean256,28,GPP-rbf,16,2.8483778762474468,0.6900797840614481,0.2829166666666667,0.17558768393996865,0.023559000902471497,0.15618687261766734,1.0
goemotions,llama,mean256,28,LP-temp,0,3.08559125726819,0.7160764779229192,0.231875,0.16789351504719086,,0.13631271068371126,1.0
goemotions,llama,mean256,28,LPE,16,3.625837504467668,0.6517431268078199,0.2627083333333333,0.14949630354076632,0.10535851350144364,0.1329956100797154,1.0
goemotions,qwen,mean256,28,GPP-cosine,0,2.9141879985268395,0.6788615098867983,0.22645833333333332,0.12758321683082893,-0.1877967011668484,0.10587920765587881,0.7999999999999999
goemotions,qwen,mean256,28,GPP-laplace,0,3.0919055582132793,0.8036766719510585,0.209375,-0.034380249227509166,-0.09433476076983828,-0.06533179333892809,-0.7999999999999999
goemotions,qwen,mean256,28,GPP-rbf,38,2.8911334506335886,0.7064431412497834,0.26583333333333337,0.14162934673604316,-0.1508185229965729,0.15223712679164397,1.0
goemotions,qwen,mean256,28,LP-temp,0,3.114411089269505,0.7332049182300759,0.20500000000000002,0.1713827713838073,,0.13534506744819746,1.0
goemotions,qwen,mean256,28,LPE,29,3.6914754625666126,0.6618041691191394,0.24520833333333333,0.17954912159976716,0.012484794232356471,0.16765908945478541,1.0
